ldg,elementName,eligibility,costingSubType,costableType,costingType,subTypeSequence,percentage,eligibilityStartDate,eligibilityEndDate,legalEmployer,peopleGroup1,peopleGroup2,peopleGroup3,seg1,seg2,seg3,seg4,seg5,seg6,seg7,seg8,seg9,createdAt,createdBy,updatedAt,updatedBy
UN Legislative Data Group,UNA_ER_NR_RES_SEC,UNA_ER_NR_RES_SEC_O,COST,EL,Any,1,,1951-01-01,4712-12-31,,,,,,,,,71515,,,,,2026-01-15T09:00:00Z,system.etl,2026-01-15T09:00:00Z,system.etl
UN Legislative Data Group,UNA_ER_NR_RES_SEC,UNA_ER_NR_RES_SEC_O,BAL,EL,Any,1,,1951-01-01,4712-12-31,,,,,UNDP,H17,1,0,21012,0,0,0,0,2026-01-15T09:00:00Z,system.etl,2026-01-15T09:00:00Z,system.etl
UN Legislative Data Group,UNA_ER_NR_RES_SEC Retroactive,UNA_ER_NR_RES_SEC Retroactive_O,COST,EL,Any,1,,1951-01-01,4712-12-31,,,,,,,,,71515,,,,,2026-01-15T09:00:00Z,system.etl,2026-01-15T09:00:00Z,system.etl
UN Legislative Data Group,UNA_ER_NR_RES_SEC Retroactive,UNA_ER_NR_RES_SEC Retroactive_O,BAL,EL,Any,1,,1951-01-01,4712-12-31,,,,,UNDP,H17,1,0,21012,0,0,0,0,2026-01-15T09:00:00Z,system.etl,2026-01-15T09:00:00Z,system.etl
UN Legislative Data Group,UNA_ER_RES_SEC,UNA_ER_RES_SEC_PG_EG_1,COST,EL,Any,1,,1951-01-01,4712-12-31,,1-UN Volunteers-National Expert,,,,,,,71515,,,,,2026-01-15T09:00:00Z,system.etl,2026-01-15T09:00:00Z,system.etl
UN Legislative Data Group,UNA_ER_RES_SEC,UNA_ER_RES_SEC_PG_EG_1,BAL,EL,Any,1,,1951-01-01,4712-12-31,,1-UN Volunteers-National Expert,,,UNDP,H17,1,0,21012,0,0,0,0,2026-01-15T09:00:00Z,system.etl,2026-01-15T09:00:00Z,system.etl
UN Legislative Data Group,UNA_ER_RES_SEC,UNA_ER_RES_SEC_PG_EG_1_1,COST,EL,Any,1,,2026-04-01,4712-12-31,,1 Volunteer National Expert,UNDP,,,,,,71515,,,,,2026-01-15T09:00:00Z,system.etl,2026-01-15T09:00:00Z,system.etl
UN Legislative Data Group,UNA_ER_RES_SEC,UNA_ER_RES_SEC_PG_EG_1_1,BAL,EL,Any,1,,2026-04-01,4712-12-31,,1 Volunteer National Expert,UNDP,,UNDP,H17,1,0,21012,0,0,0,0,2026-01-15T09:00:00Z,system.etl,2026-01-15T09:00:00Z,system.etl
UN Legislative Data Group,UNA_ER_RES_SEC,UNA_ER_RES_SEC_PG_EG_2,COST,EL,Any,1,,1951-01-01,4712-12-31,,2-UN Volunteers-International Expert,,,,,,,71515,,,,,2026-01-15T09:00:00Z,system.etl,2026-01-15T09:00:00Z,system.etl
UN Legislative Data Group,UNA_ER_RES_SEC,UNA_ER_RES_SEC_PG_EG_2,BAL,EL,Any,1,,1951-01-01,4712-12-31,,2-UN Volunteers-International Expert,,,UNDP,H17,1,0,21012,0,0,0,0,2026-01-15T09:00:00Z,system.etl,2026-01-15T09:00:00Z,system.etl
UN Legislative Data Group,UNA_ER_RES_SEC,UNA_ER_RES_SEC_PG_EG_2_2,COST,EL,Any,1,,2026-04-01,4712-12-31,,2 Volunteer International Expert,UNDP,,,,,,71515,,,,,2026-01-15T09:00:00Z,system.etl,2026-01-15T09:00:00Z,system.etl
UN Legislative Data Group,UNA_ER_RES_SEC,UNA_ER_RES_SEC_PG_EG_2_2,BAL,EL,Any,1,,2026-04-01,4712-12-31,,2 Volunteer International Expert,UNDP,,UNDP,H17,1,0,21012,0,0,0,0,2026-01-15T09:00:00Z,system.etl,2026-01-15T09:00:00Z,system.etl
UN Legislative Data Group,UNA_ER_RES_SEC,UNA_ER_RES_SEC_PG_EG_4,COST,EL,Any,1,,2026-04-01,4712-12-31,,4 Volunteer International Associate,UNDP,,,,,,71515,,,,,2026-01-15T09:00:00Z,system.etl,2026-01-15T09:00:00Z,system.etl
UN Legislative Data Group,UNA_ER_RES_SEC,UNA_ER_RES_SEC_PG_EG_4,BAL,EL,Any,1,,2026-04-01,4712-12-31,,4 Volunteer International Associate,UNDP,,UNDP,H17,1,0,21012,0,0,0,0,2026-01-15T09:00:00Z,system.etl,2026-01-15T09:00:00Z,system.etl
UN Legislative Data Group,UNA_ER_RES_SEC,UNA_ER_RES_SEC_PG_EG_B,COST,EL,Any,1,,1951-01-01,4712-12-31,,B-UN Volunteers-Intl.Youth,,,,,,,71515,,,,,2026-01-15T09:00:00Z,system.etl,2026-01-15T09:00:00Z,system.etl
UN Legislative Data Group,UNA_ER_RES_SEC,UNA_ER_RES_SEC_PG_EG_B,BAL,EL,Any,1,,1951-01-01,4712-12-31,,B-UN Volunteers-Intl.Youth,,,UNDP,H17,1,0,21012,0,0,0,0,2026-01-15T09:00:00Z,system.etl,2026-01-15T09:00:00Z,system.etl
UN Legislative Data Group,UNA_ER_RES_SEC,UNA_ER_RES_SEC_PG_EG_C,COST,EL,Any,1,,1951-01-01,4712-12-31,,C-UN Volunteers-Intl.University,,,,,,,71515,,,,,2026-01-15T09:00:00Z,system.etl,2026-01-15T09:00:00Z,system.etl
UN Legislative Data Group,UNA_ER_RES_SEC,UNA_ER_RES_SEC_PG_EG_C,BAL,EL,Any,1,,1951-01-01,4712-12-31,,C-UN Volunteers-Intl.University,,,UNDP,H17,1,0,21012,0,0,0,0,2026-01-15T09:00:00Z,system.etl,2026-01-15T09:00:00Z,system.etl
UN Legislative Data Group,UNA_ER_RES_SEC,UNA_ER_RES_SEC_PG_EG_W,COST,EL,Any,1,,1951-01-01,4712-12-31,,W-UNV-International Volunteers(Regular/Specialists),,,,,,,71515,,,,,2026-01-15T09:00:00Z,system.etl,2026-01-15T09:00:00Z,system.etl
UN Legislative Data Group,UNA_ER_RES_SEC,UNA_ER_RES_SEC_PG_EG_W,BAL,EL,Any,1,,1951-01-01,4712-12-31,,W-UNV-International Volunteers(Regular/Specialists),,,UNDP,H17,1,0,21012,0,0,0,0,2026-01-15T09:00:00Z,system.etl,2026-01-15T09:00:00Z,system.etl
UN Legislative Data Group,UNA_ER_RES_SEC,UNA_ER_RES_SEC_PG_EG_W_W,COST,EL,Any,1,,2026-04-01,4712-12-31,,W Volunteer International Specialist,UNDP,,,,,,71515,,,,,2026-01-15T09:00:00Z,system.etl,2026-01-15T09:00:00Z,system.etl
UN Legislative Data Group,UNA_ER_RES_SEC,UNA_ER_RES_SEC_PG_EG_W_W,BAL,EL,Any,1,,2026-04-01,4712-12-31,,W Volunteer International Specialist,UNDP,,UNDP,H17,1,0,21012,0,0,0,0,2026-01-15T09:00:00Z,system.etl,2026-01-15T09:00:00Z,system.etl
UN Legislative Data Group,UNA_ER_RES_SEC,UNA_ER_RES_SEC_PG_EG_Y,COST,EL,Any,1,,1951-01-01,4712-12-31,,Y-UNV-National Volunteers(Regular/Specialists),,,,,,,71515,,,,,2026-01-15T09:00:00Z,system.etl,2026-01-15T09:00:00Z,system.etl
UN Legislative Data Group,UNA_ER_RES_SEC,UNA_ER_RES_SEC_PG_EG_Y,BAL,EL,Any,1,,1951-01-01,4712-12-31,,Y-UNV-National Volunteers(Regular/Specialists),,,UNDP,H17,1,0,21012,0,0,0,0,2026-01-15T09:00:00Z,system.etl,2026-01-15T09:00:00Z,system.etl
UN Legislative Data Group,UNA_ER_RES_SEC,UNA_ER_RES_SEC_PG_EG_Y_Y,COST,EL,Any,1,,2026-04-01,4712-12-31,,Y Volunteer National Specialist,UNDP,,,,,,71515,,,,,2026-01-15T09:00:00Z,system.etl,2026-01-15T09:00:00Z,system.etl
UN Legislative Data Group,UNA_ER_RES_SEC,UNA_ER_RES_SEC_PG_EG_Y_Y,BAL,EL,Any,1,,2026-04-01,4712-12-31,,Y Volunteer National Specialist,UNDP,,UNDP,H17,1,0,21012,0,0,0,0,2026-01-15T09:00:00Z,system.etl,2026-01-15T09:00:00Z,system.etl
UN Legislative Data Group,UNA_ER_RES_SEC Retroactive,UNA_ER_RES_SEC Retroactive_PG_EG_1,COST,EL,Any,1,,1951-01-01,4712-12-31,,1-UN Volunteers-National Expert,,,,,,,71515,,,,,2026-01-15T09:00:00Z,system.etl,2026-01-15T09:00:00Z,system.etl
UN Legislative Data Group,UNA_ER_RES_SEC Retroactive,UNA_ER_RES_SEC Retroactive_PG_EG_1,BAL,EL,Any,1,,1951-01-01,4712-12-31,,1-UN Volunteers-National Expert,,,UNDP,H17,1,0,21012,0,0,0,0,2026-01-15T09:00:00Z,system.etl,2026-01-15T09:00:00Z,system.etl
UN Legislative Data Group,UNA_ER_RES_SEC Retroactive,UNA_ER_RES_SEC Retroactive_PG_EG_1_1,COST,EL,Any,1,,2026-04-01,4712-12-31,,1 Volunteer National Expert,UNDP,,,,,,71515,,,,,2026-01-15T09:00:00Z,system.etl,2026-01-15T09:00:00Z,system.etl
UN Legislative Data Group,UNA_ER_RES_SEC Retroactive,UNA_ER_RES_SEC Retroactive_PG_EG_1_1,BAL,EL,Any,1,,2026-04-01,4712-12-31,,1 Volunteer National Expert,UNDP,,UNDP,H17,1,0,21012,0,0,0,0,2026-01-15T09:00:00Z,system.etl,2026-01-15T09:00:00Z,system.etl
UN Legislative Data Group,UNA_ER_RES_SEC Retroactive,UNA_ER_RES_SEC Retroactive_PG_EG_2,COST,EL,Any,1,,1951-01-01,4712-12-31,,2-UN Volunteers-International Expert,,,,,,,71515,,,,,2026-01-15T09:00:00Z,system.etl,2026-01-15T09:00:00Z,system.etl
UN Legislative Data Group,UNA_ER_RES_SEC Retroactive,UNA_ER_RES_SEC Retroactive_PG_EG_2,BAL,EL,Any,1,,1951-01-01,4712-12-31,,2-UN Volunteers-International Expert,,,UNDP,H17,1,0,21012,0,0,0,0,2026-01-15T09:00:00Z,system.etl,2026-01-15T09:00:00Z,system.etl
UN Legislative Data Group,UNA_ER_RES_SEC Retroactive,UNA_ER_RES_SEC Retroactive_PG_EG_2_2,COST,EL,Any,1,,2026-04-01,4712-12-31,,2 Volunteer International Expert,UNDP,,,,,,71515,,,,,2026-01-15T09:00:00Z,system.etl,2026-01-15T09:00:00Z,system.etl
UN Legislative Data Group,UNA_ER_RES_SEC Retroactive,UNA_ER_RES_SEC Retroactive_PG_EG_2_2,BAL,EL,Any,1,,2026-04-01,4712-12-31,,2 Volunteer International Expert,UNDP,,UNDP,H17,1,0,21012,0,0,0,0,2026-01-15T09:00:00Z,system.etl,2026-01-15T09:00:00Z,system.etl
UN Legislative Data Group,UNA_ER_RES_SEC Retroactive,UNA_ER_RES_SEC Retroactive_PG_EG_4,COST,EL,Any,1,,2026-04-01,4712-12-31,,4 Volunteer International Associate,UNDP,,,,,,71515,,,,,2026-01-15T09:00:00Z,system.etl,2026-01-15T09:00:00Z,system.etl
UN Legislative Data Group,UNA_ER_RES_SEC Retroactive,UNA_ER_RES_SEC Retroactive_PG_EG_4,BAL,EL,Any,1,,2026-04-01,4712-12-31,,4 Volunteer International Associate,UNDP,,UNDP,H17,1,0,21012,0,0,0,0,2026-01-15T09:00:00Z,system.etl,2026-01-15T09:00:00Z,system.etl
UN Legislative Data Group,UNA_ER_RES_SEC Retroactive,UNA_ER_RES_SEC Retroactive_PG_EG_B,COST,EL,Any,1,,1951-01-01,4712-12-31,,B-UN Volunteers-Intl.Youth,,,,,,,71515,,,,,2026-01-15T09:00:00Z,system.etl,2026-01-15T09:00:00Z,system.etl
UN Legislative Data Group,UNA_ER_RES_SEC Retroactive,UNA_ER_RES_SEC Retroactive_PG_EG_B,BAL,EL,Any,1,,1951-01-01,4712-12-31,,B-UN Volunteers-Intl.Youth,,,UNDP,H17,1,0,21012,0,0,0,0,2026-01-15T09:00:00Z,system.etl,2026-01-15T09:00:00Z,system.etl
UN Legislative Data Group,UNA_ER_RES_SEC Retroactive,UNA_ER_RES_SEC Retroactive_PG_EG_C,COST,EL,Any,1,,1951-01-01,4712-12-31,,C-UN Volunteers-Intl.University,,,,,,,71515,,,,,2026-01-15T09:00:00Z,system.etl,2026-01-15T09:00:00Z,system.etl
UN Legislative Data Group,UNA_ER_RES_SEC Retroactive,UNA_ER_RES_SEC Retroactive_PG_EG_C,BAL,EL,Any,1,,1951-01-01,4712-12-31,,C-UN Volunteers-Intl.University,,,UNDP,H17,1,0,21012,0,0,0,0,2026-01-15T09:00:00Z,system.etl,2026-01-15T09:00:00Z,system.etl
UN Legislative Data Group,UNA_ER_RES_SEC Retroactive,UNA_ER_RES_SEC Retroactive_PG_EG_W,COST,EL,Any,1,,1951-01-01,4712-12-31,,W-UNV-International Volunteers(Regular/Specialists),,,,,,,71515,,,,,2026-01-15T09:00:00Z,system.etl,2026-01-15T09:00:00Z,system.etl
UN Legislative Data Group,UNA_ER_RES_SEC Retroactive,UNA_ER_RES_SEC Retroactive_PG_EG_W,BAL,EL,Any,1,,1951-01-01,4712-12-31,,W-UNV-International Volunteers(Regular/Specialists),,,UNDP,H17,1,0,21012,0,0,0,0,2026-01-15T09:00:00Z,system.etl,2026-01-15T09:00:00Z,system.etl
UN Legislative Data Group,UNA_ER_RES_SEC Retroactive,UNA_ER_RES_SEC Retroactive_PG_EG_W_W,COST,EL,Any,1,,2026-04-01,4712-12-31,,W Volunteer International Specialist,UNDP,,,,,,71515,,,,,2026-01-15T09:00:00Z,system.etl,2026-01-15T09:00:00Z,system.etl
UN Legislative Data Group,UNA_ER_RES_SEC Retroactive,UNA_ER_RES_SEC Retroactive_PG_EG_W_W,BAL,EL,Any,1,,2026-04-01,4712-12-31,,W Volunteer International Specialist,UNDP,,UNDP,H17,1,0,21012,0,0,0,0,2026-01-15T09:00:00Z,system.etl,2026-01-15T09:00:00Z,system.etl
UN Legislative Data Group,UNA_ER_RES_SEC Retroactive,UNA_ER_RES_SEC Retroactive_PG_EG_Y,COST,EL,Any,1,,1951-01-01,4712-12-31,,Y-UNV-National Volunteers(Regular/Specialists),,,,,,,71515,,,,,2026-01-15T09:00:00Z,system.etl,2026-01-15T09:00:00Z,system.etl
UN Legislative Data Group,UNA_ER_RES_SEC Retroactive,UNA_ER_RES_SEC Retroactive_PG_EG_Y,BAL,EL,Any,1,,1951-01-01,4712-12-31,,Y-UNV-National Volunteers(Regular/Specialists),,,UNDP,H17,1,0,21012,0,0,0,0,2026-01-15T09:00:00Z,system.etl,2026-01-15T09:00:00Z,system.etl
UN Legislative Data Group,UNA_ER_RES_SEC Retroactive,UNA_ER_RES_SEC Retroactive_PG_EG_Y_Y,COST,EL,Any,1,,2026-04-01,4712-12-31,,Y Volunteer National Specialist,UNDP,,,,,,71515,,,,,2026-01-15T09:00:00Z,system.etl,2026-01-15T09:00:00Z,system.etl
UN Legislative Data Group,UNA_ER_RES_SEC Retroactive,UNA_ER_RES_SEC Retroactive_PG_EG_Y_Y,BAL,EL,Any,1,,2026-04-01,4712-12-31,,Y Volunteer National Specialist,UNDP,,UNDP,H17,1,0,21012,0,0,0,0,2026-01-15T09:00:00Z,system.etl,2026-01-15T09:00:00Z,system.etl
